subscriber_id,pay_date
1,2020-11-01
1,2020-12-01
2,2020-08-01
3,2020-10-01
3,2020-11-01
3,2020-12-01
3,2021-01-01
3,2021-02-01
3,2021-03-01
3,2021-04-01
3,2021-05-01
3,2021-06-01
3,2021-07-01
3,2021-08-01
3,2021-09-01
3,2021-10-01
3,2021-11-01
3,2021-12-01
3,2022-01-01
3,2022-02-01
3,2022-03-01
4,2020-12-01
4,2021-01-01
4,2021-02-01
4,2021-03-01
4,2021-04-01
4,2021-05-01
4,2021-06-01
4,2021-07-01
4,2021-08-01
4,2021-09-01
4,2021-10-01
4,2021-11-01
4,2021-12-01
4,2022-01-01
4,2022-02-01
4,2022-03-01
4,2022-04-01
4,2022-05-01
4,2022-06-01
4,2022-07-01
4,2022-08-01
5,2020-08-01
5,2020-09-01
5,2020-10-01
5,2020-11-01
5,2020-12-01
5,2021-01-01
5,2021-02-01
5,2021-03-01
5,2021-04-01
5,2021-05-01
5,2021-06-01
5,2021-07-01
6,2020-11-01
6,2020-12-01
6,2021-01-01
7,2020-10-01
7,2020-11-01
7,2020-12-01
7,2021-01-01
7,2021-02-01
7,2021-03-01
7,2021-04-01
7,2021-05-01
7,2021-06-01
7,2021-07-01
7,2021-08-01
7,2021-09-01
7,2021-10-01
9,2020-07-01
9,2020-08-01
9,2020-09-01
9,2020-10-01
9,2020-11-01
9,2020-12-01
9,2021-01-01
9,2021-02-01
9,2021-03-01
9,2021-04-01
9,2021-05-01
9,2021-06-01
9,2021-07-01
10,2020-06-01
10,2020-07-01
10,2020-08-01
10,2020-09-01
10,2020-10-01
10,2020-11-01
10,2020-12-01
10,2021-01-01
10,2021-02-01
10,2021-03-01
10,2021-04-01
10,2021-05-01
10,2021-06-01
10,2021-07-01
10,2021-08-01
10,2021-09-01
10,2021-10-01
10,2021-11-01
10,2021-12-01
10,2022-01-01
10,2022-02-01
10,2022-03-01
10,2022-04-01
10,2022-05-01
10,2022-06-01
10,2022-07-01
10,2022-08-01
10,2022-09-01
11,2020-11-01
11,2020-12-01
11,2021-01-01
11,2021-02-01
11,2021-03-01
11,2021-04-01
11,2021-05-01
11,2021-06-01
11,2021-07-01
12,2020-09-01
12,2020-10-01
12,2020-11-01
12,2020-12-01
12,2021-01-01
12,2021-02-01
12,2021-03-01
12,2021-04-01
12,2021-05-01
12,2021-06-01
12,2021-07-01
12,2021-08-01
12,2021-09-01
12,2021-10-01
12,2021-11-01
12,2021-12-01
12,2022-01-01
12,2022-02-01
12,2022-03-01
12,2022-04-01
12,2022-05-01
12,2022-06-01
12,2022-07-01
12,2022-08-01
12,2022-09-01
12,2022-10-01
12,2022-11-01
12,2022-12-01
12,2023-01-01
12,2023-02-01
12,2023-03-01
13,2020-07-01
13,2020-08-01
13,2020-09-01
13,2020-10-01
13,2020-11-01
13,2020-12-01
13,2021-01-01
13,2021-02-01
13,2021-03-01
13,2021-04-01
13,2021-05-01
13,2021-06-01
13,2021-07-01
13,2021-08-01
13,2021-09-01
13,2021-10-01
13,2021-11-01
13,2021-12-01
13,2022-01-01
13,2022-02-01
13,2022-03-01
13,2022-04-01
13,2022-05-01
13,2022-06-01
13,2022-07-01
13,2022-08-01
13,2022-09-01
13,2022-10-01
13,2022-11-01
13,2022-12-01
13,2023-01-01
13,2023-02-01
13,2023-03-01
13,2023-04-01
14,2020-11-01
14,2020-12-01
14,2021-01-01
14,2021-02-01
14,2021-03-01
14,2021-04-01
14,2021-05-01
14,2021-06-01
14,2021-07-01
14,2021-08-01
14,2021-09-01
14,2021-10-01
14,2021-11-01
14,2021-12-01
14,2022-01-01
14,2022-02-01
14,2022-03-01
14,2022-04-01
14,2022-05-01
14,2022-06-01
14,2022-07-01
14,2022-08-01
14,2022-09-01
15,2020-08-01
15,2020-09-01
15,2020-10-01
15,2020-11-01
15,2020-12-01
15,2021-01-01
15,2021-02-01
15,2021-03-01
15,2021-04-01
15,2021-05-01
15,2021-06-01
15,2021-07-01
15,2021-08-01
15,2021-09-01
15,2021-10-01
15,2021-11-01
16,2020-09-01
16,2020-10-01
16,2020-11-01
16,2020-12-01
16,2021-01-01
16,2021-02-01
16,2021-03-01
16,2021-04-01
16,2021-05-01
16,2021-06-01
16,2021-07-01
16,2021-08-01
16,2021-09-01
16,2021-10-01
16,2021-11-01
16,2021-12-01
16,2022-01-01
16,2022-02-01
16,2022-03-01
16,2022-04-01
16,2022-05-01
16,2022-06-01
16,2022-07-01
16,2022-08-01
16,2022-09-01
16,2022-10-01
16,2022-11-01
16,2022-12-01
16,2023-01-01
16,2023-02-01
17,2020-10-01
17,2020-11-01
17,2020-12-01
17,2021-01-01
17,2021-02-01
17,2021-03-01
17,2021-04-01
17,2021-05-01
17,2021-06-01
17,2021-07-01
17,2021-08-01
17,2021-09-01
17,2021-10-01
17,2021-11-01
17,2021-12-01
17,2022-01-01
17,2022-02-01
17,2022-03-01
17,2022-04-01
17,2022-05-01
17,2022-06-01
17,2022-07-01
17,2022-08-01
17,2022-09-01
17,2022-10-01
17,2022-11-01
17,2022-12-01
17,2023-01-01
17,2023-02-01
17,2023-03-01
18,2020-10-01
19,2020-11-01
19,2020-12-01
19,2021-01-01
19,2021-02-01
19,2021-03-01
19,2021-04-01
19,2021-05-01
19,2021-06-01
19,2021-07-01
19,2021-08-01
19,2021-09-01
19,2021-10-01
19,2021-11-01
19,2021-12-01
19,2022-01-01
19,2022-02-01
19,2022-03-01
19,2022-04-01
19,2022-05-01
19,2022-06-01
19,2022-07-01
19,2022-08-01
19,2022-09-01
19,2022-10-01
19,2022-11-01
19,2022-12-01
19,2023-01-01
19,2023-02-01
19,2023-03-01
19,2023-04-01
19,2023-05-01
19,2023-06-01
19,2023-07-01
19,2023-08-01
20,2020-12-01
20,2021-01-01
20,2021-02-01
20,2021-03-01
20,2021-04-01
20,2021-05-01
20,2021-06-01
20,2021-07-01
21,2020-06-01
21,2020-07-01
21,2020-08-01
21,2020-09-01
21,2020-10-01
21,2020-11-01
21,2020-12-01
21,2021-01-01
21,2021-02-01
21,2021-03-01
21,2021-04-01
21,2021-05-01
21,2021-06-01
21,2021-07-01
21,2021-08-01
21,2021-09-01
21,2021-10-01
21,2021-11-01
21,2021-12-01
22,2020-05-01
22,2020-06-01
22,2020-07-01
22,2020-08-01
22,2020-09-01
22,2020-10-01
22,2020-11-01
22,2020-12-01
22,2021-01-01
22,2021-02-01
22,2021-03-01
22,2021-04-01
22,2021-05-01
22,2021-06-01
22,2021-07-01
22,2021-08-01
22,2021-09-01
22,2021-10-01
22,2021-11-01
22,2021-12-01
22,2022-01-01
23,2021-01-01
23,2021-02-01
23,2021-03-01
23,2021-04-01
24,2020-08-01
24,2020-09-01
24,2020-10-01
25,2020-08-01
25,2020-09-01
25,2020-10-01
25,2020-11-01
25,2020-12-01
25,2021-01-01
25,2021-02-01
25,2021-03-01
25,2021-04-01
26,2020-05-01
26,2020-06-01
26,2020-07-01
26,2020-08-01
26,2020-09-01
26,2020-10-01
26,2020-11-01
26,2020-12-01
26,2021-01-01
26,2021-02-01
26,2021-03-01
26,2021-04-01
26,2021-05-01
26,2021-06-01
26,2021-07-01
26,2021-08-01
26,2021-09-01
26,2021-10-01
26,2021-11-01
26,2021-12-01
26,2022-01-01
26,2022-02-01
26,2022-03-01
26,2022-04-01
26,2022-05-01
26,2022-06-01
26,2022-07-01
26,2022-08-01
26,2022-09-01
26,2022-10-01
26,2022-11-01
26,2022-12-01
26,2023-01-01
27,2020-10-01
27,2020-11-01
27,2020-12-01
27,2021-01-01
27,2021-02-01
27,2021-03-01
27,2021-04-01
27,2021-05-01
27,2021-06-01
27,2021-07-01
27,2021-08-01
28,2020-05-01
28,2020-06-01
28,2020-07-01
28,2020-08-01
28,2020-09-01
28,2020-10-01
28,2020-11-01
28,2020-12-01
28,2021-01-01
28,2021-02-01
28,2021-03-01
28,2021-04-01
28,2021-05-01
28,2021-06-01
28,2021-07-01
28,2021-08-01
28,2021-09-01
28,2021-10-01
28,2021-11-01
28,2021-12-01
28,2022-01-01
28,2022-02-01
28,2022-03-01
28,2022-04-01
28,2022-05-01
28,2022-06-01
28,2022-07-01
28,2022-08-01
28,2022-09-01
28,2022-10-01
28,2022-11-01
28,2022-12-01
29,2020-08-01
29,2020-09-01
30,2020-11-01
30,2020-12-01
30,2021-01-01
30,2021-02-01
30,2021-03-01
30,2021-04-01
30,2021-05-01
30,2021-06-01
30,2021-07-01
30,2021-08-01
30,2021-09-01
30,2021-10-01
30,2021-11-01
30,2021-12-01
30,2022-01-01
31,2020-09-01
31,2020-10-01
31,2020-11-01
31,2020-12-01
31,2021-01-01
32,2020-10-01
32,2020-11-01
32,2020-12-01
32,2021-01-01
32,2021-02-01
32,2021-03-01
32,2021-04-01
32,2021-05-01
32,2021-06-01
32,2021-07-01
32,2021-08-01
32,2021-09-01
32,2021-10-01
32,2021-11-01
32,2021-12-01
32,2022-01-01
32,2022-02-01
32,2022-03-01
32,2022-04-01
32,2022-05-01
32,2022-06-01
32,2022-07-01
32,2022-08-01
32,2022-09-01
32,2022-10-01
32,2022-11-01
32,2022-12-01
32,2023-01-01
32,2023-02-01
33,2020-11-01
33,2020-12-01
33,2021-01-01
33,2021-02-01
34,2020-08-01
34,2020-09-01
34,2020-10-01
34,2020-11-01
34,2020-12-01
35,2020-08-01
35,2020-09-01
35,2020-10-01
35,2020-11-01
35,2020-12-01
35,2021-01-01
35,2021-02-01
35,2021-03-01
35,2021-04-01
35,2021-05-01
35,2021-06-01
35,2021-07-01
35,2021-08-01
35,2021-09-01
35,2021-10-01
35,2021-11-01
35,2021-12-01
35,2022-01-01
35,2022-02-01
35,2022-03-01
36,2020-09-01
36,2020-10-01
36,2020-11-01
36,2020-12-01
36,2021-01-01
36,2021-02-01
36,2021-03-01
36,2021-04-01
36,2021-05-01
36,2021-06-01
36,2021-07-01
36,2021-08-01
36,2021-09-01
36,2021-10-01
36,2021-11-01
36,2021-12-01
36,2022-01-01
36,2022-02-01
36,2022-03-01
36,2022-04-01
36,2022-05-01
36,2022-06-01
37,2020-08-01
37,2020-09-01
37,2020-10-01
37,2020-11-01
37,2020-12-01
37,2021-01-01
37,2021-02-01
37,2021-03-01
37,2021-04-01
37,2021-05-01
37,2021-06-01
37,2021-07-01
37,2021-08-01
37,2021-09-01
37,2021-10-01
37,2021-11-01
37,2021-12-01
37,2022-01-01
37,2022-02-01
37,2022-03-01
37,2022-04-01
37,2022-05-01
37,2022-06-01
37,2022-07-01
37,2022-08-01
37,2022-09-01
37,2022-10-01
37,2022-11-01
37,2022-12-01
37,2023-01-01
37,2023-02-01
37,2023-03-01
37,2023-04-01
38,2020-06-01
38,2020-07-01
38,2020-08-01
38,2020-09-01
38,2020-10-01
38,2020-11-01
38,2020-12-01
38,2021-01-01
38,2021-02-01
38,2021-03-01
38,2021-04-01
38,2021-05-01
38,2021-06-01
38,2021-07-01
38,2021-08-01
38,2021-09-01
38,2021-10-01
38,2021-11-01
38,2021-12-01
38,2022-01-01
38,2022-02-01
38,2022-03-01
38,2022-04-01
38,2022-05-01
38,2022-06-01
38,2022-07-01
38,2022-08-01
38,2022-09-01
39,2020-11-01
39,2020-12-01
39,2021-01-01
39,2021-02-01
39,2021-03-01
39,2021-04-01
39,2021-05-01
39,2021-06-01
39,2021-07-01
39,2021-08-01
39,2021-09-01
39,2021-10-01
39,2021-11-01
40,2020-10-01
40,2020-11-01
40,2020-12-01
40,2021-01-01
40,2021-02-01
40,2021-03-01
40,2021-04-01
40,2021-05-01
40,2021-06-01
40,2021-07-01
40,2021-08-01
40,2021-09-01
40,2021-10-01
40,2021-11-01
40,2021-12-01
40,2022-01-01
40,2022-02-01
40,2022-03-01
40,2022-04-01
40,2022-05-01
40,2022-06-01
40,2022-07-01
40,2022-08-01
40,2022-09-01
40,2022-10-01
40,2022-11-01
40,2022-12-01
40,2023-01-01
40,2023-02-01
40,2023-03-01
40,2023-04-01
40,2023-05-01
40,2023-06-01
40,2023-07-01
40,2023-08-01
41,2020-07-01
41,2020-08-01
41,2020-09-01
41,2020-10-01
41,2020-11-01
41,2020-12-01
41,2021-01-01
41,2021-02-01
41,2021-03-01
41,2021-04-01
41,2021-05-01
41,2021-06-01
41,2021-07-01
41,2021-08-01
41,2021-09-01
41,2021-10-01
42,2020-08-01
43,2021-01-01
43,2021-02-01
43,2021-03-01
43,2021-04-01
43,2021-05-01
43,2021-06-01
43,2021-07-01
43,2021-08-01
43,2021-09-01
43,2021-10-01
43,2021-11-01
43,2021-12-01
43,2022-01-01
43,2022-02-01
43,2022-03-01
43,2022-04-01
43,2022-05-01
43,2022-06-01
43,2022-07-01
43,2022-08-01
43,2022-09-01
43,2022-10-01
43,2022-11-01
44,2020-09-01
44,2020-10-01
44,2020-11-01
44,2020-12-01
44,2021-01-01
44,2021-02-01
44,2021-03-01
44,2021-04-01
44,2021-05-01
45,2020-06-01
45,2020-07-01
45,2020-08-01
45,2020-09-01
45,2020-10-01
45,2020-11-01
45,2020-12-01
45,2021-01-01
45,2021-02-01
45,2021-03-01
45,2021-04-01
45,2021-05-01
45,2021-06-01
45,2021-07-01
45,2021-08-01
46,2020-09-01
46,2020-10-01
46,2020-11-01
46,2020-12-01
46,2021-01-01
46,2021-02-01
46,2021-03-01
46,2021-04-01
46,2021-05-01
46,2021-06-01
46,2021-07-01
46,2021-08-01
46,2021-09-01
46,2021-10-01
46,2021-11-01
46,2021-12-01
46,2022-01-01
46,2022-02-01
46,2022-03-01
46,2022-04-01
46,2022-05-01
46,2022-06-01
47,2020-07-01
47,2020-08-01
47,2020-09-01
47,2020-10-01
47,2020-11-01
47,2020-12-01
47,2021-01-01
47,2021-02-01
47,2021-03-01
47,2021-04-01
47,2021-05-01
47,2021-06-01
47,2021-07-01
47,2021-08-01
47,2021-09-01
47,2021-10-01
47,2021-11-01
47,2021-12-01
47,2022-01-01
47,2022-02-01
47,2022-03-01
47,2022-04-01
47,2022-05-01
47,2022-06-01
47,2022-07-01
47,2022-08-01
48,2021-01-01
48,2021-02-01
48,2021-03-01
48,2021-04-01
48,2021-05-01
48,2021-06-01
48,2021-07-01
48,2021-08-01
48,2021-09-01
48,2021-10-01
48,2021-11-01
48,2021-12-01
48,2022-01-01
48,2022-02-01
48,2022-03-01
48,2022-04-01
48,2022-05-01
48,2022-06-01
48,2022-07-01
48,2022-08-01
48,2022-09-01
48,2022-10-01
48,2022-11-01
48,2022-12-01
48,2023-01-01
48,2023-02-01
48,2023-03-01
48,2023-04-01
49,2021-01-01
49,2021-02-01
49,2021-03-01
49,2021-04-01
49,2021-05-01
49,2021-06-01
49,2021-07-01
49,2021-08-01
49,2021-09-01
49,2021-10-01
49,2021-11-01
49,2021-12-01
49,2022-01-01
49,2022-02-01
49,2022-03-01
49,2022-04-01
49,2022-05-01
49,2022-06-01
49,2022-07-01
49,2022-08-01
49,2022-09-01
49,2022-10-01
49,2022-11-01
49,2022-12-01
49,2023-01-01
49,2023-02-01
49,2023-03-01
49,2023-04-01
49,2023-05-01
50,2020-07-01
50,2020-08-01
50,2020-09-01
50,2020-10-01
50,2020-11-01
50,2020-12-01
51,2020-05-01
51,2020-06-01
51,2020-07-01
51,2020-08-01
51,2020-09-01
51,2020-10-01
51,2020-11-01
51,2020-12-01
51,2021-01-01
51,2021-02-01
51,2021-03-01
51,2021-04-01
51,2021-05-01
51,2021-06-01
51,2021-07-01
51,2021-08-01
51,2021-09-01
51,2021-10-01
51,2021-11-01
51,2021-12-01
52,2021-01-01
53,2020-06-01
53,2020-07-01
53,2020-08-01
53,2020-09-01
53,2020-10-01
54,2020-09-01
54,2020-10-01
54,2020-11-01
54,2020-12-01
54,2021-01-01
54,2021-02-01
54,2021-03-01
54,2021-04-01
54,2021-05-01
54,2021-06-01
54,2021-07-01
54,2021-08-01
54,2021-09-01
54,2021-10-01
54,2021-11-01
54,2021-12-01
54,2022-01-01
54,2022-02-01
54,2022-03-01
54,2022-04-01
54,2022-05-01
55,2020-09-01
55,2020-10-01
55,2020-11-01
55,2020-12-01
55,2021-01-01
55,2021-02-01
55,2021-03-01
55,2021-04-01
55,2021-05-01
55,2021-06-01
55,2021-07-01
55,2021-08-01
55,2021-09-01
55,2021-10-01
55,2021-11-01
55,2021-12-01
55,2022-01-01
55,2022-02-01
55,2022-03-01
55,2022-04-01
55,2022-05-01
55,2022-06-01
55,2022-07-01
55,2022-08-01
55,2022-09-01
55,2022-10-01
55,2022-11-01
55,2022-12-01
56,2020-06-01
56,2020-07-01
56,2020-08-01
56,2020-09-01
56,2020-10-01
56,2020-11-01
56,2020-12-01
56,2021-01-01
56,2021-02-01
56,2021-03-01
56,2021-04-01
56,2021-05-01
56,2021-06-01
56,2021-07-01
56,2021-08-01
56,2021-09-01
56,2021-10-01
56,2021-11-01
57,2020-10-01
57,2020-11-01
57,2020-12-01
57,2021-01-01
57,2021-02-01
57,2021-03-01
57,2021-04-01
57,2021-05-01
57,2021-06-01
57,2021-07-01
57,2021-08-01
57,2021-09-01
57,2021-10-01
57,2021-11-01
57,2021-12-01
57,2022-01-01
57,2022-02-01
57,2022-03-01
57,2022-04-01
57,2022-05-01
57,2022-06-01
57,2022-07-01
57,2022-08-01
57,2022-09-01
57,2022-10-01
57,2022-11-01
57,2022-12-01
57,2023-01-01
57,2023-02-01
57,2023-03-01
57,2023-04-01
57,2023-05-01
57,2023-06-01
57,2023-07-01
57,2023-08-01
58,2020-06-01
58,2020-07-01
58,2020-08-01
58,2020-09-01
58,2020-10-01
58,2020-11-01
58,2020-12-01
58,2021-01-01
58,2021-02-01
59,2020-06-01
59,2020-07-01
59,2020-08-01
60,2020-09-01
60,2020-10-01
60,2020-11-01
60,2020-12-01
60,2021-01-01
60,2021-02-01
60,2021-03-01
60,2021-04-01
60,2021-05-01
60,2021-06-01
60,2021-07-01
60,2021-08-01
60,2021-09-01
60,2021-10-01
60,2021-11-01
60,2021-12-01
60,2022-01-01
60,2022-02-01
60,2022-03-01
60,2022-04-01
60,2022-05-01
60,2022-06-01
60,2022-07-01
60,2022-08-01
60,2022-09-01
60,2022-10-01
60,2022-11-01
60,2022-12-01
60,2023-01-01
61,2020-10-01
62,2020-07-01
62,2020-08-01
62,2020-09-01
62,2020-10-01
62,2020-11-01
62,2020-12-01
62,2021-01-01
62,2021-02-01
62,2021-03-01
62,2021-04-01
62,2021-05-01
62,2021-06-01
62,2021-07-01
62,2021-08-01
62,2021-09-01
62,2021-10-01
62,2021-11-01
62,2021-12-01
62,2022-01-01
62,2022-02-01
62,2022-03-01
62,2022-04-01
62,2022-05-01
62,2022-06-01
62,2022-07-01
62,2022-08-01
62,2022-09-01
62,2022-10-01
63,2020-10-01
63,2020-11-01
63,2020-12-01
63,2021-01-01
63,2021-02-01
63,2021-03-01
63,2021-04-01
63,2021-05-01
63,2021-06-01
63,2021-07-01
63,2021-08-01
63,2021-09-01
64,2020-09-01
64,2020-10-01
64,2020-11-01
64,2020-12-01
64,2021-01-01
64,2021-02-01
64,2021-03-01
64,2021-04-01
64,2021-05-01
64,2021-06-01
64,2021-07-01
64,2021-08-01
64,2021-09-01
64,2021-10-01
64,2021-11-01
64,2021-12-01
64,2022-01-01
64,2022-02-01
64,2022-03-01
64,2022-04-01
64,2022-05-01
64,2022-06-01
64,2022-07-01
64,2022-08-01
64,2022-09-01
64,2022-10-01
64,2022-11-01
65,2020-08-01
65,2020-09-01
65,2020-10-01
65,2020-11-01
65,2020-12-01
65,2021-01-01
65,2021-02-01
65,2021-03-01
65,2021-04-01
65,2021-05-01
65,2021-06-01
65,2021-07-01
65,2021-08-01
65,2021-09-01
65,2021-10-01
65,2021-11-01
65,2021-12-01
65,2022-01-01
65,2022-02-01
65,2022-03-01
65,2022-04-01
66,2021-01-01
66,2021-02-01
67,2020-10-01
67,2020-11-01
67,2020-12-01
67,2021-01-01
67,2021-02-01
67,2021-03-01
67,2021-04-01
67,2021-05-01
67,2021-06-01
67,2021-07-01
67,2021-08-01
67,2021-09-01
67,2021-10-01
67,2021-11-01
67,2021-12-01
67,2022-01-01
67,2022-02-01
67,2022-03-01
67,2022-04-01
67,2022-05-01
67,2022-06-01
67,2022-07-01
67,2022-08-01
67,2022-09-01
67,2022-10-01
68,2020-11-01
68,2020-12-01
68,2021-01-01
68,2021-02-01
68,2021-03-01
68,2021-04-01
68,2021-05-01
68,2021-06-01
68,2021-07-01
68,2021-08-01
68,2021-09-01
68,2021-10-01
68,2021-11-01
68,2021-12-01
68,2022-01-01
68,2022-02-01
68,2022-03-01
68,2022-04-01
68,2022-05-01
68,2022-06-01
68,2022-07-01
68,2022-08-01
68,2022-09-01
68,2022-10-01
68,2022-11-01
68,2022-12-01
69,2020-10-01
69,2020-11-01
69,2020-12-01
69,2021-01-01
69,2021-02-01
69,2021-03-01
69,2021-04-01
69,2021-05-01
69,2021-06-01
69,2021-07-01
69,2021-08-01
69,2021-09-01
69,2021-10-01
69,2021-11-01
69,2021-12-01
69,2022-01-01
69,2022-02-01
69,2022-03-01
69,2022-04-01
69,2022-05-01
69,2022-06-01
69,2022-07-01
69,2022-08-01
69,2022-09-01
69,2022-10-01
69,2022-11-01
69,2022-12-01
69,2023-01-01
69,2023-02-01
69,2023-03-01
69,2023-04-01
69,2023-05-01
70,2021-01-01
70,2021-02-01
70,2021-03-01
70,2021-04-01
70,2021-05-01
70,2021-06-01
70,2021-07-01
70,2021-08-01
70,2021-09-01
70,2021-10-01
70,2021-11-01
70,2021-12-01
70,2022-01-01
70,2022-02-01
70,2022-03-01
70,2022-04-01
70,2022-05-01
70,2022-06-01
70,2022-07-01
70,2022-08-01
70,2022-09-01
70,2022-10-01
70,2022-11-01
70,2022-12-01
70,2023-01-01
70,2023-02-01
71,2020-12-01
71,2021-01-01
71,2021-02-01
71,2021-03-01
71,2021-04-01
71,2021-05-01
71,2021-06-01
71,2021-07-01
71,2021-08-01
71,2021-09-01
71,2021-10-01
71,2021-11-01
71,2021-12-01
71,2022-01-01
72,2020-09-01
72,2020-10-01
72,2020-11-01
72,2020-12-01
72,2021-01-01
72,2021-02-01
72,2021-03-01
72,2021-04-01
72,2021-05-01
72,2021-06-01
72,2021-07-01
72,2021-08-01
72,2021-09-01
72,2021-10-01
72,2021-11-01
72,2021-12-01
72,2022-01-01
72,2022-02-01
73,2020-07-01
73,2020-08-01
73,2020-09-01
73,2020-10-01
73,2020-11-01
74,2020-07-01
74,2020-08-01
74,2020-09-01
74,2020-10-01
74,2020-11-01
74,2020-12-01
74,2021-01-01
74,2021-02-01
74,2021-03-01
74,2021-04-01
74,2021-05-01
74,2021-06-01
74,2021-07-01
74,2021-08-01
74,2021-09-01
74,2021-10-01
74,2021-11-01
74,2021-12-01
74,2022-01-01
74,2022-02-01
74,2022-03-01
75,2020-08-01
75,2020-09-01
75,2020-10-01
75,2020-11-01
75,2020-12-01
75,2021-01-01
75,2021-02-01
75,2021-03-01
75,2021-04-01
75,2021-05-01
75,2021-06-01
75,2021-07-01
75,2021-08-01
75,2021-09-01
75,2021-10-01
75,2021-11-01
75,2021-12-01
75,2022-01-01
75,2022-02-01
75,2022-03-01
75,2022-04-01
75,2022-05-01
75,2022-06-01
75,2022-07-01
75,2022-08-01
75,2022-09-01
75,2022-10-01
76,2020-08-01
76,2020-09-01
76,2020-10-01
76,2020-11-01
76,2020-12-01
76,2021-01-01
76,2021-02-01
76,2021-03-01
76,2021-04-01
76,2021-05-01
76,2021-06-01
76,2021-07-01
76,2021-08-01
76,2021-09-01
76,2021-10-01
76,2021-11-01
76,2021-12-01
76,2022-01-01
77,2020-08-01
77,2020-09-01
77,2020-10-01
77,2020-11-01
77,2020-12-01
77,2021-01-01
77,2021-02-01
77,2021-03-01
77,2021-04-01
77,2021-05-01
77,2021-06-01
77,2021-07-01
77,2021-08-01
77,2021-09-01
77,2021-10-01
77,2021-11-01
77,2021-12-01
77,2022-01-01
77,2022-02-01
77,2022-03-01
77,2022-04-01
77,2022-05-01
77,2022-06-01
77,2022-07-01
77,2022-08-01
77,2022-09-01
77,2022-10-01
77,2022-11-01
77,2022-12-01
77,2023-01-01
78,2020-07-01
78,2020-08-01
78,2020-09-01
78,2020-10-01
78,2020-11-01
78,2020-12-01
78,2021-01-01
78,2021-02-01
78,2021-03-01
78,2021-04-01
78,2021-05-01
78,2021-06-01
78,2021-07-01
78,2021-08-01
78,2021-09-01
78,2021-10-01
78,2021-11-01
78,2021-12-01
78,2022-01-01
78,2022-02-01
78,2022-03-01
78,2022-04-01
78,2022-05-01
78,2022-06-01
78,2022-07-01
78,2022-08-01
78,2022-09-01
78,2022-10-01
78,2022-11-01
78,2022-12-01
78,2023-01-01
78,2023-02-01
78,2023-03-01
78,2023-04-01
79,2020-09-01
79,2020-10-01
79,2020-11-01
79,2020-12-01
79,2021-01-01
79,2021-02-01
79,2021-03-01
79,2021-04-01
79,2021-05-01
79,2021-06-01
79,2021-07-01
79,2021-08-01
79,2021-09-01
79,2021-10-01
79,2021-11-01
80,2021-01-01
80,2021-02-01
80,2021-03-01
80,2021-04-01
80,2021-05-01
80,2021-06-01
80,2021-07-01
80,2021-08-01
80,2021-09-01
80,2021-10-01
80,2021-11-01
80,2021-12-01
80,2022-01-01
80,2022-02-01
80,2022-03-01
80,2022-04-01
80,2022-05-01
81,2020-07-01
81,2020-08-01
81,2020-09-01
81,2020-10-01
81,2020-11-01
81,2020-12-01
81,2021-01-01
81,2021-02-01
81,2021-03-01
81,2021-04-01
81,2021-05-01
81,2021-06-01
81,2021-07-01
81,2021-08-01
81,2021-09-01
81,2021-10-01
81,2021-11-01
81,2021-12-01
81,2022-01-01
82,2020-12-01
82,2021-01-01
82,2021-02-01
82,2021-03-01
82,2021-04-01
82,2021-05-01
82,2021-06-01
82,2021-07-01
82,2021-08-01
82,2021-09-01
82,2021-10-01
82,2021-11-01
82,2021-12-01
82,2022-01-01
82,2022-02-01
82,2022-03-01
82,2022-04-01
82,2022-05-01
82,2022-06-01
82,2022-07-01
82,2022-08-01
82,2022-09-01
82,2022-10-01
82,2022-11-01
82,2022-12-01
82,2023-01-01
82,2023-02-01
82,2023-03-01
82,2023-04-01
82,2023-05-01
82,2023-06-01
82,2023-07-01
83,2020-12-01
83,2021-01-01
83,2021-02-01
83,2021-03-01
83,2021-04-01
83,2021-05-01
83,2021-06-01
83,2021-07-01
83,2021-08-01
83,2021-09-01
83,2021-10-01
83,2021-11-01
83,2021-12-01
83,2022-01-01
83,2022-02-01
83,2022-03-01
83,2022-04-01
83,2022-05-01
83,2022-06-01
83,2022-07-01
83,2022-08-01
83,2022-09-01
83,2022-10-01
83,2022-11-01
83,2022-12-01
83,2023-01-01
83,2023-02-01
83,2023-03-01
83,2023-04-01
83,2023-05-01
83,2023-06-01
84,2021-01-01
84,2021-02-01
84,2021-03-01
84,2021-04-01
84,2021-05-01
84,2021-06-01
84,2021-07-01
84,2021-08-01
84,2021-09-01
84,2021-10-01
84,2021-11-01
84,2021-12-01
84,2022-01-01
84,2022-02-01
84,2022-03-01
84,2022-04-01
84,2022-05-01
84,2022-06-01
84,2022-07-01
84,2022-08-01
84,2022-09-01
84,2022-10-01
84,2022-11-01
84,2022-12-01
85,2020-12-01
85,2021-01-01
85,2021-02-01
85,2021-03-01
85,2021-04-01
85,2021-05-01
85,2021-06-01
85,2021-07-01
85,2021-08-01
85,2021-09-01
85,2021-10-01
85,2021-11-01
85,2021-12-01
85,2022-01-01
85,2022-02-01
85,2022-03-01
85,2022-04-01
85,2022-05-01
85,2022-06-01
85,2022-07-01
85,2022-08-01
85,2022-09-01
85,2022-10-01
85,2022-11-01
85,2022-12-01
85,2023-01-01
85,2023-02-01
85,2023-03-01
85,2023-04-01
85,2023-05-01
85,2023-06-01
85,2023-07-01
85,2023-08-01
85,2023-09-01
86,2020-12-01
86,2021-01-01
86,2021-02-01
86,2021-03-01
86,2021-04-01
86,2021-05-01
86,2021-06-01
86,2021-07-01
86,2021-08-01
86,2021-09-01
86,2021-10-01
86,2021-11-01
86,2021-12-01
86,2022-01-01
86,2022-02-01
86,2022-03-01
86,2022-04-01
86,2022-05-01
86,2022-06-01
86,2022-07-01
86,2022-08-01
86,2022-09-01
86,2022-10-01
86,2022-11-01
86,2022-12-01
86,2023-01-01
86,2023-02-01
86,2023-03-01
86,2023-04-01
86,2023-05-01
86,2023-06-01
86,2023-07-01
86,2023-08-01
86,2023-09-01
86,2023-10-01
87,2020-08-01
87,2020-09-01
87,2020-10-01
87,2020-11-01
87,2020-12-01
87,2021-01-01
87,2021-02-01
87,2021-03-01
87,2021-04-01
87,2021-05-01
87,2021-06-01
87,2021-07-01
87,2021-08-01
87,2021-09-01
88,2020-11-01
88,2020-12-01
88,2021-01-01
88,2021-02-01
88,2021-03-01
88,2021-04-01
88,2021-05-01
88,2021-06-01
88,2021-07-01
88,2021-08-01
88,2021-09-01
88,2021-10-01
88,2021-11-01
88,2021-12-01
88,2022-01-01
88,2022-02-01
88,2022-03-01
88,2022-04-01
88,2022-05-01
88,2022-06-01
88,2022-07-01
88,2022-08-01
88,2022-09-01
88,2022-10-01
88,2022-11-01
88,2022-12-01
88,2023-01-01
88,2023-02-01
88,2023-03-01
88,2023-04-01
88,2023-05-01
88,2023-06-01
88,2023-07-01
88,2023-08-01
88,2023-09-01
89,2020-07-01
89,2020-08-01
89,2020-09-01
89,2020-10-01
89,2020-11-01
89,2020-12-01
89,2021-01-01
89,2021-02-01
89,2021-03-01
89,2021-04-01
89,2021-05-01
89,2021-06-01
89,2021-07-01
89,2021-08-01
89,2021-09-01
89,2021-10-01
89,2021-11-01
89,2021-12-01
89,2022-01-01
89,2022-02-01
89,2022-03-01
89,2022-04-01
89,2022-05-01
89,2022-06-01
89,2022-07-01
89,2022-08-01
89,2022-09-01
89,2022-10-01
89,2022-11-01
89,2022-12-01
89,2023-01-01
89,2023-02-01
90,2020-09-01
90,2020-10-01
90,2020-11-01
90,2020-12-01
90,2021-01-01
90,2021-02-01
90,2021-03-01
90,2021-04-01
90,2021-05-01
90,2021-06-01
90,2021-07-01
90,2021-08-01
90,2021-09-01
90,2021-10-01
90,2021-11-01
90,2021-12-01
90,2022-01-01
90,2022-02-01
90,2022-03-01
90,2022-04-01
90,2022-05-01
91,2020-12-01
91,2021-01-01
91,2021-02-01
91,2021-03-01
91,2021-04-01
91,2021-05-01
91,2021-06-01
91,2021-07-01
91,2021-08-01
91,2021-09-01
91,2021-10-01
91,2021-11-01
91,2021-12-01
91,2022-01-01
91,2022-02-01
91,2022-03-01
91,2022-04-01
91,2022-05-01
92,2020-08-01
92,2020-09-01
92,2020-10-01
92,2020-11-01
92,2020-12-01
92,2021-01-01
92,2021-02-01
92,2021-03-01
92,2021-04-01
92,2021-05-01
92,2021-06-01
92,2021-07-01
92,2021-08-01
93,2020-12-01
93,2021-01-01
93,2021-02-01
93,2021-03-01
93,2021-04-01
93,2021-05-01
93,2021-06-01
93,2021-07-01
93,2021-08-01
93,2021-09-01
93,2021-10-01
93,2021-11-01
93,2021-12-01
94,2020-10-01
94,2020-11-01
94,2020-12-01
94,2021-01-01
94,2021-02-01
94,2021-03-01
94,2021-04-01
94,2021-05-01
94,2021-06-01
94,2021-07-01
94,2021-08-01
94,2021-09-01
94,2021-10-01
94,2021-11-01
94,2021-12-01
94,2022-01-01
95,2020-11-01
95,2020-12-01
95,2021-01-01
95,2021-02-01
95,2021-03-01
95,2021-04-01
95,2021-05-01
95,2021-06-01
95,2021-07-01
95,2021-08-01
95,2021-09-01
95,2021-10-01
95,2021-11-01
95,2021-12-01
95,2022-01-01
95,2022-02-01
95,2022-03-01
95,2022-04-01
95,2022-05-01
95,2022-06-01
95,2022-07-01
95,2022-08-01
95,2022-09-01
95,2022-10-01
95,2022-11-01
95,2022-12-01
95,2023-01-01
95,2023-02-01
95,2023-03-01
95,2023-04-01
95,2023-05-01
95,2023-06-01
95,2023-07-01
96,2020-07-01
96,2020-08-01
96,2020-09-01
96,2020-10-01
96,2020-11-01
96,2020-12-01
96,2021-01-01
96,2021-02-01
96,2021-03-01
96,2021-04-01
96,2021-05-01
96,2021-06-01
96,2021-07-01
96,2021-08-01
96,2021-09-01
96,2021-10-01
97,2020-06-01
97,2020-07-01
97,2020-08-01
97,2020-09-01
97,2020-10-01
97,2020-11-01
97,2020-12-01
97,2021-01-01
97,2021-02-01
97,2021-03-01
97,2021-04-01
97,2021-05-01
97,2021-06-01
97,2021-07-01
97,2021-08-01
97,2021-09-01
98,2020-06-01
98,2020-07-01
98,2020-08-01
98,2020-09-01
98,2020-10-01
98,2020-11-01
98,2020-12-01
98,2021-01-01
98,2021-02-01
98,2021-03-01
98,2021-04-01
98,2021-05-01
98,2021-06-01
98,2021-07-01
98,2021-08-01
98,2021-09-01
98,2021-10-01
98,2021-11-01
98,2021-12-01
98,2022-01-01
99,2020-07-01
99,2020-08-01
100,2020-11-01
100,2020-12-01
100,2021-01-01
100,2021-02-01
100,2021-03-01
100,2021-04-01
100,2021-05-01
100,2021-06-01
100,2021-07-01
100,2021-08-01
100,2021-09-01
100,2021-10-01
100,2021-11-01
100,2021-12-01
100,2022-01-01
100,2022-02-01
100,2022-03-01
100,2022-04-01
100,2022-05-01
100,2022-06-01
101,2020-07-01
101,2020-08-01
101,2020-09-01
101,2020-10-01
101,2020-11-01
101,2020-12-01
101,2021-01-01
101,2021-02-01
101,2021-03-01
101,2021-04-01
101,2021-05-01
101,2021-06-01
101,2021-07-01
101,2021-08-01
101,2021-09-01
101,2021-10-01
101,2021-11-01
101,2021-12-01
101,2022-01-01
101,2022-02-01
101,2022-03-01
101,2022-04-01
101,2022-05-01
101,2022-06-01
101,2022-07-01
101,2022-08-01
101,2022-09-01
101,2022-10-01
101,2022-11-01
102,2020-08-01
102,2020-09-01
102,2020-10-01
102,2020-11-01
102,2020-12-01
102,2021-01-01
102,2021-02-01
102,2021-03-01
102,2021-04-01
102,2021-05-01
102,2021-06-01
102,2021-07-01
102,2021-08-01
103,2020-05-01
103,2020-06-01
103,2020-07-01
103,2020-08-01
103,2020-09-01
103,2020-10-01
103,2020-11-01
103,2020-12-01
103,2021-01-01
103,2021-02-01
103,2021-03-01
103,2021-04-01
103,2021-05-01
103,2021-06-01
103,2021-07-01
103,2021-08-01
103,2021-09-01
103,2021-10-01
104,2020-07-01
104,2020-08-01
104,2020-09-01
104,2020-10-01
104,2020-11-01
104,2020-12-01
104,2021-01-01
104,2021-02-01
104,2021-03-01
104,2021-04-01
104,2021-05-01
104,2021-06-01
104,2021-07-01
104,2021-08-01
104,2021-09-01
104,2021-10-01
104,2021-11-01
104,2021-12-01
104,2022-01-01
104,2022-02-01
104,2022-03-01
104,2022-04-01
104,2022-05-01
105,2020-12-01
105,2021-01-01
105,2021-02-01
105,2021-03-01
105,2021-04-01
105,2021-05-01
105,2021-06-01
105,2021-07-01
105,2021-08-01
105,2021-09-01
105,2021-10-01
105,2021-11-01
105,2021-12-01
105,2022-01-01
105,2022-02-01
105,2022-03-01
105,2022-04-01
105,2022-05-01
105,2022-06-01
105,2022-07-01
105,2022-08-01
105,2022-09-01
105,2022-10-01
105,2022-11-01
105,2022-12-01
105,2023-01-01
106,2020-09-01
106,2020-10-01
106,2020-11-01
106,2020-12-01
106,2021-01-01
106,2021-02-01
106,2021-03-01
107,2020-05-01
107,2020-06-01
107,2020-07-01
108,2020-08-01
108,2020-09-01
108,2020-10-01
108,2020-11-01
108,2020-12-01
108,2021-01-01
108,2021-02-01
108,2021-03-01
108,2021-04-01
108,2021-05-01
108,2021-06-01
108,2021-07-01
108,2021-08-01
108,2021-09-01
108,2021-10-01
108,2021-11-01
108,2021-12-01
108,2022-01-01
108,2022-02-01
108,2022-03-01
108,2022-04-01
108,2022-05-01
108,2022-06-01
108,2022-07-01
108,2022-08-01
108,2022-09-01
108,2022-10-01
108,2022-11-01
108,2022-12-01
109,2020-09-01
109,2020-10-01
109,2020-11-01
109,2020-12-01
109,2021-01-01
109,2021-02-01
109,2021-03-01
109,2021-04-01
109,2021-05-01
109,2021-06-01
109,2021-07-01
109,2021-08-01
109,2021-09-01
109,2021-10-01
109,2021-11-01
109,2021-12-01
110,2020-11-01
110,2020-12-01
110,2021-01-01
110,2021-02-01
110,2021-03-01
110,2021-04-01
111,2020-06-01
111,2020-07-01
111,2020-08-01
111,2020-09-01
111,2020-10-01
111,2020-11-01
111,2020-12-01
111,2021-01-01
112,2020-09-01
112,2020-10-01
112,2020-11-01
112,2020-12-01
112,2021-01-01
112,2021-02-01
112,2021-03-01
112,2021-04-01
112,2021-05-01
112,2021-06-01
112,2021-07-01
112,2021-08-01
112,2021-09-01
112,2021-10-01
112,2021-11-01
112,2021-12-01
112,2022-01-01
112,2022-02-01
112,2022-03-01
112,2022-04-01
112,2022-05-01
112,2022-06-01
112,2022-07-01
112,2022-08-01
112,2022-09-01
112,2022-10-01
112,2022-11-01
112,2022-12-01
113,2020-10-01
113,2020-11-01
113,2020-12-01
113,2021-01-01
113,2021-02-01
113,2021-03-01
113,2021-04-01
113,2021-05-01
113,2021-06-01
113,2021-07-01
113,2021-08-01
113,2021-09-01
113,2021-10-01
113,2021-11-01
113,2021-12-01
113,2022-01-01
113,2022-02-01
113,2022-03-01
113,2022-04-01
113,2022-05-01
113,2022-06-01
113,2022-07-01
113,2022-08-01
113,2022-09-01
113,2022-10-01
113,2022-11-01
113,2022-12-01
114,2020-10-01
114,2020-11-01
114,2020-12-01
114,2021-01-01
114,2021-02-01
114,2021-03-01
114,2021-04-01
114,2021-05-01
114,2021-06-01
114,2021-07-01
114,2021-08-01
114,2021-09-01
114,2021-10-01
114,2021-11-01
114,2021-12-01
114,2022-01-01
115,2020-09-01
115,2020-10-01
115,2020-11-01
115,2020-12-01
115,2021-01-01
115,2021-02-01
115,2021-03-01
116,2020-12-01
116,2021-01-01
116,2021-02-01
116,2021-03-01
116,2021-04-01
116,2021-05-01
116,2021-06-01
116,2021-07-01
116,2021-08-01
116,2021-09-01
116,2021-10-01
116,2021-11-01
117,2020-11-01
117,2020-12-01
117,2021-01-01
117,2021-02-01
117,2021-03-01
117,2021-04-01
117,2021-05-01
117,2021-06-01
117,2021-07-01
117,2021-08-01
117,2021-09-01
117,2021-10-01
117,2021-11-01
117,2021-12-01
117,2022-01-01
117,2022-02-01
117,2022-03-01
117,2022-04-01
117,2022-05-01
117,2022-06-01
117,2022-07-01
117,2022-08-01
117,2022-09-01
117,2022-10-01
117,2022-11-01
117,2022-12-01
117,2023-01-01
118,2020-06-01
118,2020-07-01
118,2020-08-01
118,2020-09-01
118,2020-10-01
118,2020-11-01
118,2020-12-01
118,2021-01-01
118,2021-02-01
118,2021-03-01
118,2021-04-01
118,2021-05-01
118,2021-06-01
118,2021-07-01
119,2020-07-01
119,2020-08-01
119,2020-09-01
119,2020-10-01
119,2020-11-01
119,2020-12-01
119,2021-01-01
119,2021-02-01
119,2021-03-01
120,2021-01-01
120,2021-02-01
120,2021-03-01
120,2021-04-01
120,2021-05-01
120,2021-06-01
120,2021-07-01
120,2021-08-01
120,2021-09-01
120,2021-10-01
120,2021-11-01
120,2021-12-01
120,2022-01-01
120,2022-02-01
120,2022-03-01
120,2022-04-01
120,2022-05-01
120,2022-06-01
120,2022-07-01
120,2022-08-01
120,2022-09-01
120,2022-10-01
120,2022-11-01
120,2022-12-01
120,2023-01-01
120,2023-02-01
120,2023-03-01
120,2023-04-01
121,2020-07-01
122,2021-01-01
122,2021-02-01
122,2021-03-01
122,2021-04-01
122,2021-05-01
122,2021-06-01
122,2021-07-01
122,2021-08-01
122,2021-09-01
122,2021-10-01
122,2021-11-01
122,2021-12-01
122,2022-01-01
122,2022-02-01
122,2022-03-01
122,2022-04-01
122,2022-05-01
122,2022-06-01
122,2022-07-01
122,2022-08-01
122,2022-09-01
122,2022-10-01
122,2022-11-01
122,2022-12-01
122,2023-01-01
122,2023-02-01
122,2023-03-01
122,2023-04-01
122,2023-05-01
122,2023-06-01
122,2023-07-01
122,2023-08-01
122,2023-09-01
123,2021-01-01
123,2021-02-01
123,2021-03-01
123,2021-04-01
123,2021-05-01
123,2021-06-01
123,2021-07-01
123,2021-08-01
123,2021-09-01
123,2021-10-01
123,2021-11-01
123,2021-12-01
123,2022-01-01
123,2022-02-01
123,2022-03-01
123,2022-04-01
123,2022-05-01
124,2020-05-01
124,2020-06-01
124,2020-07-01
124,2020-08-01
124,2020-09-01
124,2020-10-01
124,2020-11-01
124,2020-12-01
124,2021-01-01
124,2021-02-01
124,2021-03-01
124,2021-04-01
124,2021-05-01
124,2021-06-01
124,2021-07-01
124,2021-08-01
124,2021-09-01
124,2021-10-01
124,2021-11-01
124,2021-12-01
124,2022-01-01
124,2022-02-01
124,2022-03-01
124,2022-04-01
124,2022-05-01
124,2022-06-01
124,2022-07-01
124,2022-08-01
124,2022-09-01
124,2022-10-01
124,2022-11-01
124,2022-12-01
124,2023-01-01
125,2020-07-01
125,2020-08-01
125,2020-09-01
125,2020-10-01
125,2020-11-01
125,2020-12-01
125,2021-01-01
125,2021-02-01
125,2021-03-01
125,2021-04-01
125,2021-05-01
125,2021-06-01
125,2021-07-01
125,2021-08-01
125,2021-09-01
125,2021-10-01
125,2021-11-01
125,2021-12-01
125,2022-01-01
125,2022-02-01
125,2022-03-01
125,2022-04-01
125,2022-05-01
125,2022-06-01
125,2022-07-01
126,2020-11-01
126,2020-12-01
126,2021-01-01
126,2021-02-01
126,2021-03-01
126,2021-04-01
127,2020-06-01
127,2020-07-01
127,2020-08-01
127,2020-09-01
127,2020-10-01
127,2020-11-01
127,2020-12-01
127,2021-01-01
127,2021-02-01
128,2021-01-01
128,2021-02-01
128,2021-03-01
128,2021-04-01
128,2021-05-01
128,2021-06-01
128,2021-07-01
128,2021-08-01
128,2021-09-01
128,2021-10-01
128,2021-11-01
128,2021-12-01
128,2022-01-01
129,2021-01-01
129,2021-02-01
129,2021-03-01
129,2021-04-01
129,2021-05-01
129,2021-06-01
129,2021-07-01
129,2021-08-01
129,2021-09-01
129,2021-10-01
129,2021-11-01
129,2021-12-01
129,2022-01-01
129,2022-02-01
129,2022-03-01
129,2022-04-01
130,2020-11-01
130,2020-12-01
130,2021-01-01
130,2021-02-01
130,2021-03-01
130,2021-04-01
130,2021-05-01
130,2021-06-01
130,2021-07-01
130,2021-08-01
130,2021-09-01
131,2020-07-01
131,2020-08-01
131,2020-09-01
131,2020-10-01
131,2020-11-01
131,2020-12-01
131,2021-01-01
131,2021-02-01
131,2021-03-01
131,2021-04-01
131,2021-05-01
131,2021-06-01
131,2021-07-01
131,2021-08-01
131,2021-09-01
131,2021-10-01
131,2021-11-01
131,2021-12-01
131,2022-01-01
131,2022-02-01
131,2022-03-01
131,2022-04-01
131,2022-05-01
131,2022-06-01
131,2022-07-01
131,2022-08-01
131,2022-09-01
131,2022-10-01
131,2022-11-01
131,2022-12-01
131,2023-01-01
131,2023-02-01
132,2020-05-01
132,2020-06-01
132,2020-07-01
132,2020-08-01
132,2020-09-01
133,2020-05-01
133,2020-06-01
133,2020-07-01
133,2020-08-01
133,2020-09-01
133,2020-10-01
133,2020-11-01
133,2020-12-01
133,2021-01-01
133,2021-02-01
133,2021-03-01
133,2021-04-01
133,2021-05-01
133,2021-06-01
133,2021-07-01
133,2021-08-01
133,2021-09-01
133,2021-10-01
133,2021-11-01
133,2021-12-01
133,2022-01-01
133,2022-02-01
133,2022-03-01
133,2022-04-01
133,2022-05-01
133,2022-06-01
133,2022-07-01
133,2022-08-01
133,2022-09-01
133,2022-10-01
133,2022-11-01
133,2022-12-01
133,2023-01-01
134,2020-06-01
134,2020-07-01
134,2020-08-01
134,2020-09-01
134,2020-10-01
135,2020-11-01
135,2020-12-01
135,2021-01-01
135,2021-02-01
135,2021-03-01
135,2021-04-01
135,2021-05-01
135,2021-06-01
135,2021-07-01
135,2021-08-01
135,2021-09-01
135,2021-10-01
135,2021-11-01
135,2021-12-01
135,2022-01-01
135,2022-02-01
135,2022-03-01
135,2022-04-01
135,2022-05-01
135,2022-06-01
135,2022-07-01
135,2022-08-01
135,2022-09-01
135,2022-10-01
135,2022-11-01
135,2022-12-01
135,2023-01-01
136,2021-01-01
136,2021-02-01
136,2021-03-01
136,2021-04-01
136,2021-05-01
136,2021-06-01
136,2021-07-01
136,2021-08-01
136,2021-09-01
136,2021-10-01
136,2021-11-01
136,2021-12-01
136,2022-01-01
136,2022-02-01
136,2022-03-01
136,2022-04-01
136,2022-05-01
136,2022-06-01
136,2022-07-01
136,2022-08-01
136,2022-09-01
136,2022-10-01
136,2022-11-01
136,2022-12-01
136,2023-01-01
136,2023-02-01
136,2023-03-01
136,2023-04-01
136,2023-05-01
136,2023-06-01
136,2023-07-01
136,2023-08-01
136,2023-09-01
136,2023-10-01
136,2023-11-01
137,2020-07-01
137,2020-08-01
138,2021-01-01
138,2021-02-01
138,2021-03-01
138,2021-04-01
138,2021-05-01
138,2021-06-01
138,2021-07-01
138,2021-08-01
138,2021-09-01
138,2021-10-01
138,2021-11-01
138,2021-12-01
138,2022-01-01
138,2022-02-01
138,2022-03-01
138,2022-04-01
138,2022-05-01
138,2022-06-01
138,2022-07-01
138,2022-08-01
138,2022-09-01
138,2022-10-01
138,2022-11-01
138,2022-12-01
138,2023-01-01
138,2023-02-01
138,2023-03-01
140,2020-07-01
140,2020-08-01
140,2020-09-01
140,2020-10-01
140,2020-11-01
140,2020-12-01
140,2021-01-01
140,2021-02-01
140,2021-03-01
140,2021-04-01
140,2021-05-01
140,2021-06-01
140,2021-07-01
141,2020-11-01
141,2020-12-01
141,2021-01-01
141,2021-02-01
141,2021-03-01
141,2021-04-01
141,2021-05-01
141,2021-06-01
141,2021-07-01
141,2021-08-01
141,2021-09-01
141,2021-10-01
141,2021-11-01
141,2021-12-01
142,2020-06-01
143,2020-09-01
143,2020-10-01
143,2020-11-01
143,2020-12-01
143,2021-01-01
143,2021-02-01
143,2021-03-01
143,2021-04-01
143,2021-05-01
143,2021-06-01
143,2021-07-01
143,2021-08-01
143,2021-09-01
143,2021-10-01
143,2021-11-01
143,2021-12-01
143,2022-01-01
143,2022-02-01
143,2022-03-01
143,2022-04-01
143,2022-05-01
143,2022-06-01
143,2022-07-01
144,2020-11-01
144,2020-12-01
144,2021-01-01
144,2021-02-01
144,2021-03-01
144,2021-04-01
144,2021-05-01
144,2021-06-01
144,2021-07-01
145,2020-07-01
145,2020-08-01
146,2020-10-01
146,2020-11-01
146,2020-12-01
146,2021-01-01
146,2021-02-01
146,2021-03-01
146,2021-04-01
146,2021-05-01
146,2021-06-01
146,2021-07-01
146,2021-08-01
146,2021-09-01
146,2021-10-01
146,2021-11-01
146,2021-12-01
146,2022-01-01
146,2022-02-01
146,2022-03-01
146,2022-04-01
146,2022-05-01
146,2022-06-01
146,2022-07-01
146,2022-08-01
146,2022-09-01
146,2022-10-01
146,2022-11-01
146,2022-12-01
146,2023-01-01
146,2023-02-01
146,2023-03-01
146,2023-04-01
146,2023-05-01
146,2023-06-01
147,2020-05-01
147,2020-06-01
147,2020-07-01
147,2020-08-01
147,2020-09-01
147,2020-10-01
147,2020-11-01
147,2020-12-01
147,2021-01-01
147,2021-02-01
147,2021-03-01
147,2021-04-01
147,2021-05-01
147,2021-06-01
147,2021-07-01
147,2021-08-01
147,2021-09-01
147,2021-10-01
148,2020-12-01
148,2021-01-01
148,2021-02-01
148,2021-03-01
148,2021-04-01
148,2021-05-01
148,2021-06-01
148,2021-07-01
149,2020-12-01
149,2021-01-01
149,2021-02-01
149,2021-03-01
149,2021-04-01
149,2021-05-01
149,2021-06-01
149,2021-07-01
149,2021-08-01
149,2021-09-01
149,2021-10-01
149,2021-11-01
149,2021-12-01
149,2022-01-01
149,2022-02-01
149,2022-03-01
149,2022-04-01
149,2022-05-01
149,2022-06-01
149,2022-07-01
150,2020-06-01
150,2020-07-01
150,2020-08-01
150,2020-09-01
150,2020-10-01
150,2020-11-01
150,2020-12-01
150,2021-01-01
150,2021-02-01
150,2021-03-01
150,2021-04-01
150,2021-05-01
150,2021-06-01
150,2021-07-01
150,2021-08-01
150,2021-09-01
150,2021-10-01
150,2021-11-01
150,2021-12-01
150,2022-01-01
150,2022-02-01
150,2022-03-01
150,2022-04-01
150,2022-05-01
150,2022-06-01
150,2022-07-01
150,2022-08-01
151,2020-05-01
151,2020-06-01
151,2020-07-01
151,2020-08-01
151,2020-09-01
151,2020-10-01
151,2020-11-01
151,2020-12-01
151,2021-01-01
151,2021-02-01
151,2021-03-01
151,2021-04-01
151,2021-05-01
151,2021-06-01
151,2021-07-01
151,2021-08-01
152,2020-10-01
152,2020-11-01
152,2020-12-01
152,2021-01-01
152,2021-02-01
152,2021-03-01
152,2021-04-01
152,2021-05-01
152,2021-06-01
152,2021-07-01
152,2021-08-01
152,2021-09-01
153,2020-09-01
153,2020-10-01
153,2020-11-01
153,2020-12-01
153,2021-01-01
153,2021-02-01
153,2021-03-01
153,2021-04-01
153,2021-05-01
153,2021-06-01
153,2021-07-01
153,2021-08-01
153,2021-09-01
153,2021-10-01
153,2021-11-01
153,2021-12-01
153,2022-01-01
153,2022-02-01
153,2022-03-01
153,2022-04-01
153,2022-05-01
153,2022-06-01
153,2022-07-01
153,2022-08-01
154,2020-09-01
154,2020-10-01
154,2020-11-01
154,2020-12-01
154,2021-01-01
154,2021-02-01
154,2021-03-01
154,2021-04-01
154,2021-05-01
154,2021-06-01
154,2021-07-01
154,2021-08-01
154,2021-09-01
154,2021-10-01
154,2021-11-01
154,2021-12-01
154,2022-01-01
154,2022-02-01
154,2022-03-01
154,2022-04-01
154,2022-05-01
154,2022-06-01
154,2022-07-01
154,2022-08-01
154,2022-09-01
154,2022-10-01
155,2020-06-01
155,2020-07-01
155,2020-08-01
155,2020-09-01
156,2020-09-01
156,2020-10-01
156,2020-11-01
156,2020-12-01
156,2021-01-01
156,2021-02-01
156,2021-03-01
156,2021-04-01
156,2021-05-01
156,2021-06-01
156,2021-07-01
156,2021-08-01
156,2021-09-01
156,2021-10-01
156,2021-11-01
157,2020-11-01
157,2020-12-01
157,2021-01-01
157,2021-02-01
157,2021-03-01
157,2021-04-01
158,2020-10-01
158,2020-11-01
159,2021-01-01
159,2021-02-01
159,2021-03-01
159,2021-04-01
159,2021-05-01
159,2021-06-01
159,2021-07-01
159,2021-08-01
159,2021-09-01
159,2021-10-01
159,2021-11-01
159,2021-12-01
159,2022-01-01
159,2022-02-01
159,2022-03-01
159,2022-04-01
159,2022-05-01
159,2022-06-01
159,2022-07-01
159,2022-08-01
159,2022-09-01
159,2022-10-01
159,2022-11-01
160,2020-09-01
160,2020-10-01
160,2020-11-01
160,2020-12-01
160,2021-01-01
160,2021-02-01
160,2021-03-01
160,2021-04-01
160,2021-05-01
160,2021-06-01
160,2021-07-01
160,2021-08-01
160,2021-09-01
160,2021-10-01
160,2021-11-01
161,2020-10-01
161,2020-11-01
161,2020-12-01
161,2021-01-01
161,2021-02-01
162,2020-07-01
162,2020-08-01
162,2020-09-01
162,2020-10-01
162,2020-11-01
162,2020-12-01
162,2021-01-01
162,2021-02-01
162,2021-03-01
162,2021-04-01
162,2021-05-01
163,2020-09-01
163,2020-10-01
163,2020-11-01
163,2020-12-01
163,2021-01-01
163,2021-02-01
163,2021-03-01
164,2020-10-01
164,2020-11-01
164,2020-12-01
164,2021-01-01
164,2021-02-01
164,2021-03-01
164,2021-04-01
164,2021-05-01
164,2021-06-01
164,2021-07-01
164,2021-08-01
164,2021-09-01
164,2021-10-01
164,2021-11-01
164,2021-12-01
164,2022-01-01
164,2022-02-01
164,2022-03-01
164,2022-04-01
164,2022-05-01
164,2022-06-01
164,2022-07-01
164,2022-08-01
164,2022-09-01
164,2022-10-01
165,2020-12-01
165,2021-01-01
165,2021-02-01
165,2021-03-01
165,2021-04-01
165,2021-05-01
165,2021-06-01
165,2021-07-01
165,2021-08-01
165,2021-09-01
165,2021-10-01
165,2021-11-01
165,2021-12-01
165,2022-01-01
165,2022-02-01
165,2022-03-01
165,2022-04-01
165,2022-05-01
165,2022-06-01
166,2021-01-01
166,2021-02-01
166,2021-03-01
166,2021-04-01
166,2021-05-01
166,2021-06-01
166,2021-07-01
166,2021-08-01
166,2021-09-01
166,2021-10-01
166,2021-11-01
166,2021-12-01
166,2022-01-01
166,2022-02-01
166,2022-03-01
166,2022-04-01
166,2022-05-01
166,2022-06-01
167,2020-06-01
167,2020-07-01
167,2020-08-01
167,2020-09-01
167,2020-10-01
167,2020-11-01
167,2020-12-01
167,2021-01-01
167,2021-02-01
168,2020-10-01
168,2020-11-01
168,2020-12-01
168,2021-01-01
168,2021-02-01
169,2020-12-01
169,2021-01-01
169,2021-02-01
169,2021-03-01
169,2021-04-01
169,2021-05-01
169,2021-06-01
169,2021-07-01
169,2021-08-01
169,2021-09-01
169,2021-10-01
169,2021-11-01
169,2021-12-01
169,2022-01-01
169,2022-02-01
169,2022-03-01
169,2022-04-01
169,2022-05-01
169,2022-06-01
169,2022-07-01
169,2022-08-01
169,2022-09-01
169,2022-10-01
169,2022-11-01
169,2022-12-01
170,2021-01-01
170,2021-02-01
170,2021-03-01
170,2021-04-01
170,2021-05-01
170,2021-06-01
170,2021-07-01
170,2021-08-01
170,2021-09-01
170,2021-10-01
170,2021-11-01
170,2021-12-01
170,2022-01-01
170,2022-02-01
170,2022-03-01
170,2022-04-01
170,2022-05-01
170,2022-06-01
170,2022-07-01
171,2021-01-01
171,2021-02-01
171,2021-03-01
171,2021-04-01
171,2021-05-01
171,2021-06-01
171,2021-07-01
171,2021-08-01
171,2021-09-01
171,2021-10-01
171,2021-11-01
171,2021-12-01
171,2022-01-01
171,2022-02-01
171,2022-03-01
171,2022-04-01
172,2020-09-01
172,2020-10-01
172,2020-11-01
172,2020-12-01
172,2021-01-01
172,2021-02-01
172,2021-03-01
172,2021-04-01
172,2021-05-01
172,2021-06-01
173,2020-08-01
173,2020-09-01
173,2020-10-01
173,2020-11-01
173,2020-12-01
173,2021-01-01
173,2021-02-01
173,2021-03-01
173,2021-04-01
174,2020-06-01
174,2020-07-01
174,2020-08-01
174,2020-09-01
174,2020-10-01
174,2020-11-01
174,2020-12-01
174,2021-01-01
174,2021-02-01
174,2021-03-01
174,2021-04-01
174,2021-05-01
174,2021-06-01
174,2021-07-01
174,2021-08-01
174,2021-09-01
174,2021-10-01
174,2021-11-01
174,2021-12-01
175,2020-07-01
175,2020-08-01
175,2020-09-01
175,2020-10-01
175,2020-11-01
175,2020-12-01
175,2021-01-01
175,2021-02-01
175,2021-03-01
175,2021-04-01
175,2021-05-01
175,2021-06-01
175,2021-07-01
175,2021-08-01
175,2021-09-01
175,2021-10-01
175,2021-11-01
175,2021-12-01
175,2022-01-01
175,2022-02-01
176,2020-06-01
176,2020-07-01
176,2020-08-01
176,2020-09-01
176,2020-10-01
176,2020-11-01
176,2020-12-01
176,2021-01-01
176,2021-02-01
176,2021-03-01
176,2021-04-01
176,2021-05-01
176,2021-06-01
176,2021-07-01
176,2021-08-01
176,2021-09-01
176,2021-10-01
176,2021-11-01
176,2021-12-01
176,2022-01-01
176,2022-02-01
176,2022-03-01
176,2022-04-01
176,2022-05-01
176,2022-06-01
176,2022-07-01
176,2022-08-01
176,2022-09-01
176,2022-10-01
176,2022-11-01
176,2022-12-01
177,2020-11-01
177,2020-12-01
177,2021-01-01
177,2021-02-01
177,2021-03-01
177,2021-04-01
177,2021-05-01
177,2021-06-01
177,2021-07-01
177,2021-08-01
177,2021-09-01
177,2021-10-01
177,2021-11-01
177,2021-12-01
177,2022-01-01
177,2022-02-01
177,2022-03-01
177,2022-04-01
177,2022-05-01
177,2022-06-01
177,2022-07-01
177,2022-08-01
177,2022-09-01
177,2022-10-01
178,2020-11-01
178,2020-12-01
178,2021-01-01
178,2021-02-01
178,2021-03-01
178,2021-04-01
178,2021-05-01
178,2021-06-01
178,2021-07-01
178,2021-08-01
178,2021-09-01
178,2021-10-01
178,2021-11-01
178,2021-12-01
178,2022-01-01
178,2022-02-01
178,2022-03-01
178,2022-04-01
178,2022-05-01
178,2022-06-01
178,2022-07-01
179,2020-09-01
179,2020-10-01
179,2020-11-01
179,2020-12-01
179,2021-01-01
179,2021-02-01
179,2021-03-01
179,2021-04-01
179,2021-05-01
179,2021-06-01
179,2021-07-01
179,2021-08-01
179,2021-09-01
179,2021-10-01
179,2021-11-01
179,2021-12-01
179,2022-01-01
179,2022-02-01
179,2022-03-01
179,2022-04-01
179,2022-05-01
179,2022-06-01
179,2022-07-01
179,2022-08-01
179,2022-09-01
179,2022-10-01
179,2022-11-01
179,2022-12-01
180,2020-09-01
180,2020-10-01
180,2020-11-01
180,2020-12-01
180,2021-01-01
180,2021-02-01
180,2021-03-01
180,2021-04-01
180,2021-05-01
180,2021-06-01
180,2021-07-01
180,2021-08-01
180,2021-09-01
180,2021-10-01
180,2021-11-01
180,2021-12-01
180,2022-01-01
180,2022-02-01
180,2022-03-01
180,2022-04-01
180,2022-05-01
180,2022-06-01
181,2021-01-01
181,2021-02-01
182,2020-09-01
182,2020-10-01
182,2020-11-01
182,2020-12-01
182,2021-01-01
182,2021-02-01
182,2021-03-01
182,2021-04-01
182,2021-05-01
182,2021-06-01
182,2021-07-01
182,2021-08-01
182,2021-09-01
182,2021-10-01
182,2021-11-01
182,2021-12-01
182,2022-01-01
182,2022-02-01
183,2020-10-01
183,2020-11-01
183,2020-12-01
183,2021-01-01
183,2021-02-01
183,2021-03-01
183,2021-04-01
184,2020-11-01
184,2020-12-01
184,2021-01-01
184,2021-02-01
184,2021-03-01
184,2021-04-01
184,2021-05-01
184,2021-06-01
184,2021-07-01
184,2021-08-01
184,2021-09-01
184,2021-10-01
184,2021-11-01
184,2021-12-01
184,2022-01-01
184,2022-02-01
184,2022-03-01
184,2022-04-01
184,2022-05-01
184,2022-06-01
184,2022-07-01
184,2022-08-01
184,2022-09-01
184,2022-10-01
184,2022-11-01
185,2020-12-01
185,2021-01-01
185,2021-02-01
185,2021-03-01
185,2021-04-01
185,2021-05-01
185,2021-06-01
185,2021-07-01
185,2021-08-01
185,2021-09-01
185,2021-10-01
185,2021-11-01
185,2021-12-01
185,2022-01-01
185,2022-02-01
185,2022-03-01
185,2022-04-01
185,2022-05-01
185,2022-06-01
187,2020-11-01
187,2020-12-01
187,2021-01-01
187,2021-02-01
187,2021-03-01
187,2021-04-01
187,2021-05-01
187,2021-06-01
187,2021-07-01
187,2021-08-01
187,2021-09-01
187,2021-10-01
187,2021-11-01
187,2021-12-01
187,2022-01-01
187,2022-02-01
187,2022-03-01
187,2022-04-01
187,2022-05-01
187,2022-06-01
188,2020-06-01
188,2020-07-01
188,2020-08-01
188,2020-09-01
188,2020-10-01
188,2020-11-01
189,2020-10-01
189,2020-11-01
189,2020-12-01
189,2021-01-01
189,2021-02-01
189,2021-03-01
189,2021-04-01
189,2021-05-01
189,2021-06-01
190,2020-07-01
190,2020-08-01
190,2020-09-01
190,2020-10-01
190,2020-11-01
190,2020-12-01
190,2021-01-01
190,2021-02-01
190,2021-03-01
190,2021-04-01
190,2021-05-01
190,2021-06-01
190,2021-07-01
190,2021-08-01
190,2021-09-01
190,2021-10-01
190,2021-11-01
190,2021-12-01
190,2022-01-01
190,2022-02-01
190,2022-03-01
191,2020-06-01
191,2020-07-01
191,2020-08-01
191,2020-09-01
191,2020-10-01
191,2020-11-01
191,2020-12-01
191,2021-01-01
191,2021-02-01
191,2021-03-01
191,2021-04-01
191,2021-05-01
191,2021-06-01
192,2020-11-01
192,2020-12-01
192,2021-01-01
192,2021-02-01
192,2021-03-01
192,2021-04-01
192,2021-05-01
192,2021-06-01
192,2021-07-01
192,2021-08-01
192,2021-09-01
192,2021-10-01
192,2021-11-01
192,2021-12-01
192,2022-01-01
192,2022-02-01
192,2022-03-01
192,2022-04-01
192,2022-05-01
192,2022-06-01
192,2022-07-01
192,2022-08-01
192,2022-09-01
192,2022-10-01
192,2022-11-01
192,2022-12-01
192,2023-01-01
193,2020-09-01
193,2020-10-01
193,2020-11-01
193,2020-12-01
193,2021-01-01
193,2021-02-01
193,2021-03-01
193,2021-04-01
193,2021-05-01
193,2021-06-01
193,2021-07-01
193,2021-08-01
193,2021-09-01
193,2021-10-01
193,2021-11-01
193,2021-12-01
193,2022-01-01
193,2022-02-01
193,2022-03-01
193,2022-04-01
193,2022-05-01
193,2022-06-01
193,2022-07-01
193,2022-08-01
193,2022-09-01
193,2022-10-01
193,2022-11-01
193,2022-12-01
193,2023-01-01
193,2023-02-01
193,2023-03-01
193,2023-04-01
193,2023-05-01
194,2020-07-01
194,2020-08-01
194,2020-09-01
194,2020-10-01
194,2020-11-01
194,2020-12-01
194,2021-01-01
194,2021-02-01
194,2021-03-01
194,2021-04-01
194,2021-05-01
194,2021-06-01
194,2021-07-01
194,2021-08-01
195,2020-11-01
195,2020-12-01
195,2021-01-01
195,2021-02-01
195,2021-03-01
195,2021-04-01
195,2021-05-01
195,2021-06-01
195,2021-07-01
195,2021-08-01
195,2021-09-01
195,2021-10-01
195,2021-11-01
195,2021-12-01
195,2022-01-01
195,2022-02-01
195,2022-03-01
195,2022-04-01
195,2022-05-01
195,2022-06-01
196,2020-05-01
196,2020-06-01
196,2020-07-01
197,2020-09-01
197,2020-10-01
197,2020-11-01
197,2020-12-01
197,2021-01-01
197,2021-02-01
197,2021-03-01
197,2021-04-01
197,2021-05-01
197,2021-06-01
198,2020-10-01
198,2020-11-01
198,2020-12-01
198,2021-01-01
198,2021-02-01
198,2021-03-01
198,2021-04-01
198,2021-05-01
198,2021-06-01
198,2021-07-01
198,2021-08-01
198,2021-09-01
198,2021-10-01
198,2021-11-01
198,2021-12-01
198,2022-01-01
198,2022-02-01
198,2022-03-01
198,2022-04-01
198,2022-05-01
198,2022-06-01
198,2022-07-01
198,2022-08-01
198,2022-09-01
198,2022-10-01
198,2022-11-01
198,2022-12-01
198,2023-01-01
198,2023-02-01
198,2023-03-01
199,2020-11-01
199,2020-12-01
199,2021-01-01
199,2021-02-01
199,2021-03-01
200,2020-07-01
200,2020-08-01
200,2020-09-01
200,2020-10-01
200,2020-11-01
200,2020-12-01
200,2021-01-01
200,2021-02-01
201,2020-07-01
201,2020-08-01
201,2020-09-01
201,2020-10-01
201,2020-11-01
201,2020-12-01
201,2021-01-01
201,2021-02-01
201,2021-03-01
201,2021-04-01
201,2021-05-01
201,2021-06-01
201,2021-07-01
201,2021-08-01
201,2021-09-01
201,2021-10-01
201,2021-11-01
201,2021-12-01
201,2022-01-01
201,2022-02-01
201,2022-03-01
201,2022-04-01
201,2022-05-01
201,2022-06-01
201,2022-07-01
201,2022-08-01
201,2022-09-01
201,2022-10-01
201,2022-11-01
201,2022-12-01
201,2023-01-01
201,2023-02-01
201,2023-03-01
202,2020-06-01
202,2020-07-01
202,2020-08-01
202,2020-09-01
202,2020-10-01
202,2020-11-01
202,2020-12-01
202,2021-01-01
202,2021-02-01
202,2021-03-01
202,2021-04-01
202,2021-05-01
202,2021-06-01
202,2021-07-01
202,2021-08-01
202,2021-09-01
202,2021-10-01
202,2021-11-01
202,2021-12-01
202,2022-01-01
202,2022-02-01
202,2022-03-01
202,2022-04-01
202,2022-05-01
202,2022-06-01
202,2022-07-01
202,2022-08-01
202,2022-09-01
202,2022-10-01
202,2022-11-01
202,2022-12-01
202,2023-01-01
202,2023-02-01
202,2023-03-01
202,2023-04-01
203,2020-10-01
203,2020-11-01
203,2020-12-01
203,2021-01-01
203,2021-02-01
203,2021-03-01
203,2021-04-01
203,2021-05-01
203,2021-06-01
203,2021-07-01
203,2021-08-01
203,2021-09-01
203,2021-10-01
203,2021-11-01
203,2021-12-01
203,2022-01-01
203,2022-02-01
203,2022-03-01
203,2022-04-01
203,2022-05-01
203,2022-06-01
203,2022-07-01
203,2022-08-01
203,2022-09-01
204,2020-09-01
204,2020-10-01
204,2020-11-01
204,2020-12-01
204,2021-01-01
204,2021-02-01
204,2021-03-01
204,2021-04-01
204,2021-05-01
204,2021-06-01
204,2021-07-01
205,2020-09-01
205,2020-10-01
205,2020-11-01
205,2020-12-01
205,2021-01-01
205,2021-02-01
205,2021-03-01
205,2021-04-01
205,2021-05-01
205,2021-06-01
206,2020-09-01
206,2020-10-01
206,2020-11-01
206,2020-12-01
206,2021-01-01
206,2021-02-01
206,2021-03-01
206,2021-04-01
206,2021-05-01
206,2021-06-01
206,2021-07-01
206,2021-08-01
206,2021-09-01
206,2021-10-01
206,2021-11-01
206,2021-12-01
206,2022-01-01
206,2022-02-01
206,2022-03-01
206,2022-04-01
206,2022-05-01
206,2022-06-01
206,2022-07-01
206,2022-08-01
206,2022-09-01
206,2022-10-01
206,2022-11-01
206,2022-12-01
206,2023-01-01
206,2023-02-01
206,2023-03-01
206,2023-04-01
206,2023-05-01
206,2023-06-01
207,2020-07-01
207,2020-08-01
207,2020-09-01
207,2020-10-01
207,2020-11-01
207,2020-12-01
207,2021-01-01
207,2021-02-01
207,2021-03-01
207,2021-04-01
207,2021-05-01
207,2021-06-01
207,2021-07-01
207,2021-08-01
207,2021-09-01
207,2021-10-01
207,2021-11-01
208,2020-07-01
208,2020-08-01
208,2020-09-01
208,2020-10-01
208,2020-11-01
208,2020-12-01
208,2021-01-01
208,2021-02-01
208,2021-03-01
208,2021-04-01
208,2021-05-01
208,2021-06-01
208,2021-07-01
208,2021-08-01
208,2021-09-01
208,2021-10-01
208,2021-11-01
208,2021-12-01
208,2022-01-01
208,2022-02-01
208,2022-03-01
208,2022-04-01
208,2022-05-01
208,2022-06-01
208,2022-07-01
208,2022-08-01
208,2022-09-01
208,2022-10-01
208,2022-11-01
208,2022-12-01
208,2023-01-01
211,2021-01-01
211,2021-02-01
211,2021-03-01
211,2021-04-01
211,2021-05-01
211,2021-06-01
211,2021-07-01
211,2021-08-01
211,2021-09-01
211,2021-10-01
212,2020-06-01
212,2020-07-01
212,2020-08-01
212,2020-09-01
212,2020-10-01
212,2020-11-01
213,2020-07-01
213,2020-08-01
213,2020-09-01
213,2020-10-01
213,2020-11-01
213,2020-12-01
213,2021-01-01
213,2021-02-01
213,2021-03-01
213,2021-04-01
213,2021-05-01
213,2021-06-01
213,2021-07-01
213,2021-08-01
213,2021-09-01
213,2021-10-01
213,2021-11-01
213,2021-12-01
213,2022-01-01
213,2022-02-01
213,2022-03-01
213,2022-04-01
213,2022-05-01
213,2022-06-01
213,2022-07-01
213,2022-08-01
213,2022-09-01
214,2020-10-01
214,2020-11-01
214,2020-12-01
214,2021-01-01
214,2021-02-01
214,2021-03-01
214,2021-04-01
214,2021-05-01
214,2021-06-01
214,2021-07-01
214,2021-08-01
214,2021-09-01
214,2021-10-01
214,2021-11-01
214,2021-12-01
214,2022-01-01
214,2022-02-01
214,2022-03-01
214,2022-04-01
214,2022-05-01
214,2022-06-01
214,2022-07-01
214,2022-08-01
214,2022-09-01
214,2022-10-01
214,2022-11-01
214,2022-12-01
214,2023-01-01
215,2021-01-01
215,2021-02-01
215,2021-03-01
215,2021-04-01
215,2021-05-01
215,2021-06-01
215,2021-07-01
215,2021-08-01
215,2021-09-01
215,2021-10-01
215,2021-11-01
215,2021-12-01
215,2022-01-01
215,2022-02-01
215,2022-03-01
215,2022-04-01
215,2022-05-01
215,2022-06-01
215,2022-07-01
215,2022-08-01
215,2022-09-01
215,2022-10-01
215,2022-11-01
215,2022-12-01
216,2020-09-01
216,2020-10-01
216,2020-11-01
216,2020-12-01
216,2021-01-01
216,2021-02-01
216,2021-03-01
216,2021-04-01
216,2021-05-01
216,2021-06-01
216,2021-07-01
216,2021-08-01
216,2021-09-01
216,2021-10-01
216,2021-11-01
216,2021-12-01
216,2022-01-01
216,2022-02-01
216,2022-03-01
216,2022-04-01
216,2022-05-01
216,2022-06-01
216,2022-07-01
216,2022-08-01
216,2022-09-01
217,2020-11-01
217,2020-12-01
217,2021-01-01
217,2021-02-01
217,2021-03-01
217,2021-04-01
217,2021-05-01
217,2021-06-01
217,2021-07-01
217,2021-08-01
217,2021-09-01
217,2021-10-01
217,2021-11-01
217,2021-12-01
217,2022-01-01
217,2022-02-01
217,2022-03-01
218,2020-11-01
218,2020-12-01
218,2021-01-01
219,2020-08-01
219,2020-09-01
219,2020-10-01
219,2020-11-01
219,2020-12-01
219,2021-01-01
219,2021-02-01
219,2021-03-01
219,2021-04-01
219,2021-05-01
219,2021-06-01
219,2021-07-01
219,2021-08-01
219,2021-09-01
219,2021-10-01
219,2021-11-01
219,2021-12-01
219,2022-01-01
219,2022-02-01
219,2022-03-01
219,2022-04-01
219,2022-05-01
219,2022-06-01
219,2022-07-01
219,2022-08-01
219,2022-09-01
219,2022-10-01
219,2022-11-01
219,2022-12-01
219,2023-01-01
219,2023-02-01
219,2023-03-01
219,2023-04-01
219,2023-05-01
220,2020-06-01
220,2020-07-01
220,2020-08-01
220,2020-09-01
220,2020-10-01
220,2020-11-01
220,2020-12-01
220,2021-01-01
220,2021-02-01
220,2021-03-01
220,2021-04-01
221,2020-07-01
221,2020-08-01
221,2020-09-01
221,2020-10-01
221,2020-11-01
221,2020-12-01
221,2021-01-01
221,2021-02-01
221,2021-03-01
221,2021-04-01
221,2021-05-01
221,2021-06-01
221,2021-07-01
221,2021-08-01
221,2021-09-01
221,2021-10-01
221,2021-11-01
222,2020-08-01
222,2020-09-01
222,2020-10-01
222,2020-11-01
222,2020-12-01
222,2021-01-01
222,2021-02-01
222,2021-03-01
222,2021-04-01
222,2021-05-01
222,2021-06-01
222,2021-07-01
222,2021-08-01
222,2021-09-01
222,2021-10-01
222,2021-11-01
222,2021-12-01
222,2022-01-01
222,2022-02-01
222,2022-03-01
222,2022-04-01
222,2022-05-01
222,2022-06-01
222,2022-07-01
222,2022-08-01
222,2022-09-01
222,2022-10-01
222,2022-11-01
222,2022-12-01
222,2023-01-01
222,2023-02-01
222,2023-03-01
223,2020-05-01
223,2020-06-01
223,2020-07-01
224,2020-12-01
224,2021-01-01
224,2021-02-01
224,2021-03-01
224,2021-04-01
224,2021-05-01
224,2021-06-01
224,2021-07-01
224,2021-08-01
224,2021-09-01
224,2021-10-01
224,2021-11-01
224,2021-12-01
224,2022-01-01
224,2022-02-01
224,2022-03-01
225,2020-10-01
226,2020-12-01
226,2021-01-01
226,2021-02-01
226,2021-03-01
226,2021-04-01
226,2021-05-01
226,2021-06-01
226,2021-07-01
226,2021-08-01
226,2021-09-01
226,2021-10-01
226,2021-11-01
226,2021-12-01
226,2022-01-01
227,2020-08-01
227,2020-09-01
227,2020-10-01
227,2020-11-01
227,2020-12-01
227,2021-01-01
227,2021-02-01
227,2021-03-01
227,2021-04-01
227,2021-05-01
227,2021-06-01
227,2021-07-01
227,2021-08-01
227,2021-09-01
227,2021-10-01
227,2021-11-01
227,2021-12-01
227,2022-01-01
227,2022-02-01
227,2022-03-01
227,2022-04-01
227,2022-05-01
227,2022-06-01
227,2022-07-01
227,2022-08-01
227,2022-09-01
227,2022-10-01
227,2022-11-01
227,2022-12-01
227,2023-01-01
227,2023-02-01
228,2021-01-01
228,2021-02-01
228,2021-03-01
228,2021-04-01
228,2021-05-01
228,2021-06-01
228,2021-07-01
228,2021-08-01
228,2021-09-01
228,2021-10-01
228,2021-11-01
228,2021-12-01
228,2022-01-01
228,2022-02-01
228,2022-03-01
228,2022-04-01
228,2022-05-01
229,2020-09-01
229,2020-10-01
229,2020-11-01
229,2020-12-01
229,2021-01-01
229,2021-02-01
229,2021-03-01
230,2020-05-01
230,2020-06-01
230,2020-07-01
230,2020-08-01
230,2020-09-01
230,2020-10-01
230,2020-11-01
230,2020-12-01
230,2021-01-01
230,2021-02-01
230,2021-03-01
230,2021-04-01
230,2021-05-01
230,2021-06-01
230,2021-07-01
230,2021-08-01
230,2021-09-01
230,2021-10-01
230,2021-11-01
231,2021-01-01
231,2021-02-01
231,2021-03-01
231,2021-04-01
231,2021-05-01
231,2021-06-01
231,2021-07-01
231,2021-08-01
231,2021-09-01
231,2021-10-01
231,2021-11-01
231,2021-12-01
231,2022-01-01
231,2022-02-01
232,2020-06-01
232,2020-07-01
232,2020-08-01
232,2020-09-01
232,2020-10-01
232,2020-11-01
232,2020-12-01
232,2021-01-01
232,2021-02-01
232,2021-03-01
232,2021-04-01
232,2021-05-01
232,2021-06-01
232,2021-07-01
232,2021-08-01
232,2021-09-01
232,2021-10-01
233,2020-06-01
233,2020-07-01
233,2020-08-01
233,2020-09-01
233,2020-10-01
233,2020-11-01
233,2020-12-01
233,2021-01-01
233,2021-02-01
233,2021-03-01
233,2021-04-01
233,2021-05-01
233,2021-06-01
234,2020-12-01
234,2021-01-01
234,2021-02-01
234,2021-03-01
234,2021-04-01
234,2021-05-01
234,2021-06-01
234,2021-07-01
234,2021-08-01
234,2021-09-01
234,2021-10-01
234,2021-11-01
234,2021-12-01
234,2022-01-01
234,2022-02-01
234,2022-03-01
